start_s,end_s,displacement_mm,duration_s,sample,cycle,phase,alignment_offset_s,R_median_ohm,R_MAD_ohm,plateau_observations,dR_R0_pct,robust_noise_pct_R
22.103,32.058,0.5,9.954999999999998,1,1,Loading,17.7,3771.428571,12.944603499999857,60,3.6928604503648064,0.508870015374866
33.189,43.126,1.0,9.936999999999998,1,1,Loading,17.7,4104.657534,34.469303500000024,60,12.854763879763942,1.245029309894676
44.257,54.195,1.5,9.938000000000002,1,1,Loading,17.7,3992.768484,11.787881000000198,60,9.778450639527351,0.43770913441722836
55.326,65.266,2.0,9.940000000000005,1,1,Loading,17.7,3984.90566,19.68893500000013,60,9.562267647743518,0.7325346575707941
66.396,76.342,2.5,9.945999999999998,1,1,Loading,17.7,3949.73176,17.492751,60,8.595185218490991,0.6566206063725197
77.473,87.405,3.0,9.932000000000002,1,1,Loading,17.7,3961.418592,13.649330499999905,60,8.916506706322199,0.5108396633510791
88.534,98.461,2.5,9.926999999999992,1,1,Unloading,17.7,3924.5394095,17.33940950000033,60,7.902538695923939,0.6550426901682126
99.592,109.533,2.0,9.941000000000003,1,1,Unloading,17.7,3819.863014,11.271550999999818,60,5.024532479793827,0.43748169636848994
110.663,120.603,1.5,9.939999999999998,1,1,Unloading,17.7,3850.0,18.915476000000126,60,5.8531283884428404,0.7284177848727321
121.733,131.676,1.0,9.942999999999984,1,1,Unloading,17.7,3903.358209,17.269737000000077,60,7.320176011262156,0.6559508685921915
132.808,142.744,0.5,9.936000000000007,1,1,Unloading,17.7,3938.082485,23.336107000000084,60,8.274896334800783,0.8785522489684501
143.675,183.642,0.1,39.966999999999985,1,1,Unloading,17.7,3712.714063,14.526594999999816,60,2.078545033848376,0.5800912588888407
184.572,194.507,0.5,9.935000000000002,1,2,Loading,17.7,3683.72093,10.81071299999985,60,1.281398584541313,0.43510253350814443
195.638,205.576,1.0,9.937999999999988,1,2,Loading,17.7,4030.3504169999997,39.74283000000014,60,10.811740296393532,1.4619751054266756
206.707,216.655,1.5,9.948000000000008,1,2,Loading,17.7,4038.3117005000004,31.863008000000036,60,11.030630365085058,1.1697981524049037
217.785,227.721,2.0,9.936000000000007,1,2,Loading,17.7,3969.230769,19.55159549999985,60,9.13129719332849,0.7302975607941976
228.851,238.793,2.5,9.942000000000007,1,2,Loading,17.7,3914.895889,26.964750000000095,60,7.637396666416638,1.0211750065264669
239.924,249.854,3.0,9.930000000000007,1,2,Loading,17.7,3889.944643,24.780273999999736,60,6.951379147899852,0.9444667624901111
250.983,260.912,2.5,9.928999999999974,1,2,Unloading,17.7,3893.772136,17.273755000000165,60,7.056613461649174,0.6577187433805254
262.043,271.983,2.0,9.939999999999998,1,2,Unloading,17.7,3853.785071,11.343210999999883,60,5.957196338188905,0.43638771542171007
273.113,283.049,1.5,9.935999999999979,1,2,Unloading,17.7,3821.739625,20.583556000000044,60,5.0761286213829635,0.7985154175855206
284.179,294.11,1.0,9.93100000000004,1,2,Unloading,17.7,3878.4865625,19.056374000000005,60,6.636347026795548,0.7284537315552452
295.241,305.182,0.5,9.941000000000031,1,2,Unloading,17.7,3928.4038335,9.678651499999887,60,8.008788402370529,0.3652773320179541
306.114,346.057,0.1,39.94300000000004,1,2,Unloading,17.7,3764.035546,18.415108000000146,60,3.489594262181962,0.7253448801729305
346.987,356.926,0.5,9.938999999999965,1,3,Loading,17.7,3760.344828,14.755225999999993,60,3.388120483922334,0.5817577660619796
358.057,367.999,1.0,9.942000000000007,1,3,Loading,17.7,4088.463641,22.205963999999767,60,12.409523818767132,0.8052551060071823
369.13,379.067,1.5,9.937000000000012,1,3,Loading,17.7,4052.285092,15.965873999999985,60,11.414819249363354,0.584139670704096
380.198,390.136,2.0,9.938000000000045,1,3,Loading,17.7,3957.518797,23.31108800000038,60,8.809284498316073,0.8733001873547529
391.266,401.234,2.5,9.967999999999961,1,3,Loading,17.7,3911.045891,23.013976000000184,60,7.531543593016842,0.8724142280231881
402.365,412.308,3.0,9.942999999999984,1,3,Loading,17.7,3861.36725,22.84327600000006,60,6.165663186799594,0.877084172648952
413.437,423.382,2.5,9.944999999999993,1,3,Unloading,17.7,3853.785071,26.509890499999983,60,5.957196338188905,1.0198691139021223
424.513,434.446,2.0,9.93300000000005,1,3,Unloading,17.7,3734.617387,10.968737999999576,60,2.680762012421272,0.4354462391624744
435.576,445.518,1.5,9.94199999999995,1,3,Unloading,17.7,3782.54717,18.608899000000292,60,3.998558758792495,0.729390868571784
446.648,456.584,1.0,9.935999999999979,1,3,Unloading,17.7,3823.616236,11.283447000000251,60,5.127724762972089,0.43751353403868043
457.716,467.654,0.5,9.937999999999988,1,3,Unloading,17.7,3857.574153,15.196547999999893,61,6.0613745676487385,0.5840562273385763
468.586,508.536,0.1,39.94999999999999,1,3,Unloading,17.7,3689.1393345,12.674137499999688,60,1.4303739266709325,0.5093512213478456
509.466,519.41,0.5,9.94399999999996,1,4,Loading,17.7,3642.4612850000003,8.905615000000125,60,0.14699274052922595,0.3624874436791765
520.541,530.481,1.0,9.93999999999994,1,4,Loading,17.7,3918.75,19.332484999999906,60,7.743362823950748,0.731415432497604
531.612,541.545,1.5,9.932999999999993,1,4,Loading,17.7,3804.88959,16.800935499999923,60,4.612848382888225,0.6546593897958517
542.676,552.622,2.0,9.945999999999913,1,4,Loading,17.7,3788.1200785,20.506959499999994,60,4.151782083194462,0.8026043928031725
553.752,563.687,2.5,9.93500000000006,1,4,Loading,17.7,3872.770701,20.92868550000003,60,6.479193307000719,0.8012059457661147
564.818,574.761,3.0,9.942999999999984,1,4,Loading,17.7,3729.129214,21.92626999999993,60,2.5298684328921923,0.8717286539698835
575.89,585.828,2.5,9.937999999999988,1,4,Unloading,17.7,3786.261143,20.42702200000008,60,4.10067191744191,0.7998683047309321
586.959,596.904,2.0,9.94500000000005,1,4,Unloading,17.7,3712.714063,18.14884600000005,61,2.078545033848376,0.7247387927810931
598.034,607.967,1.5,9.932999999999993,1,4,Unloading,17.7,3741.948932,18.395895999999993,60,2.8823378498681933,0.7288649819981026
609.097,619.037,1.0,9.940000000000055,1,4,Unloading,17.7,3756.657963,18.37671300000011,60,3.2867526412740684,0.725254067901421
620.169,630.11,0.5,9.941000000000031,1,4,Unloading,17.7,3789.979014,18.550443000000087,60,4.202892248947014,0.7256738543988183
631.042,670.982,0.1,39.93999999999994,1,4,Unloading,17.7,3680.113636,10.833078999999998,60,1.1822184923551182,0.43643008107915926
671.912,681.84,0.5,9.927999999999997,1,5,Loading,17.7,3624.6737825,15.967817500000137,60,-0.3420625285207169,0.6531314994413625
682.971,692.911,1.0,9.93999999999994,1,5,Loading,17.7,3808.627038,33.496148000000176,60,4.715606970677605,1.3039184075865464
694.042,703.983,1.5,9.940999999999917,1,5,Loading,17.7,3846.218932,15.148317999999563,60,5.74917049845598,0.5839214216316314
705.114,715.051,2.0,9.937000000000012,1,5,Loading,17.7,3778.837087,22.179123999999774,60,3.8965525530442426,0.8701822408677885
716.181,726.123,2.5,9.942000000000007,1,5,Loading,17.7,3795.563629,14.934100499999886,60,4.356437435595078,0.5833467586244443
727.254,737.189,3.0,9.934999999999945,1,5,Loading,17.7,3780.6921285,24.197461500000372,60,3.947555655918369,0.9489044651232714
738.318,748.247,2.5,9.928999999999974,1,5,Unloading,17.7,3795.563629,27.83350300000029,60,4.356437435595078,1.0872153804116989
749.378,759.314,2.0,9.935999999999922,1,5,Unloading,17.7,3644.244604,10.72194300000001,60,0.1960238821044244,0.4362043281713813
760.444,770.378,1.5,9.934000000000083,1,5,Unloading,17.7,3709.076763,18.130047999999988,60,1.97853994712441,0.7246981090533979
771.508,781.442,1.0,9.933999999999969,1,5,Unloading,17.7,3683.72093,21.655157000000145,60,1.281398584541313,0.8715626503281347
782.574,792.509,0.5,9.93500000000006,1,5,Unloading,17.7,3738.28125,21.99484399999983,60,2.78149743074249,0.8723141340529085
793.441,833.392,0.1,39.95100000000002,1,5,Unloading,17.7,3591.126976,12.29307800000015,60,-1.2644091299406517,0.5075208302186255
22.111,32.04,0.5,9.928999999999998,2,1,Loading,20.200000000000003,3938.082485,11.611896999999772,60,8.593381516799504,0.43716195782526024
33.172,43.11,1.0,9.938000000000002,2,1,Loading,20.200000000000003,3922.608231,9.645593999999846,60,8.166675988230608,0.3645675739775342
44.242,54.187,1.5,9.945,2,1,Loading,20.200000000000003,3941.961415,11.661772999999812,60,8.700343757171925,0.4386076582081339
55.32,65.253,2.0,9.933,2,1,Loading,20.200000000000003,3943.9029595,9.720228499999848,60,8.75388221997036,0.36540480133737363
66.386,76.326,2.5,9.939999999999998,2,1,Loading,20.200000000000003,3926.470588,7.728854499999898,60,8.273181224942295,0.2918345986525405
77.457,87.394,3.0,9.937000000000012,2,1,Loading,20.200000000000003,3941.961415,11.643054500000062,60,8.700343757171925,0.43790364197920717
88.525,98.459,2.5,9.933999999999997,2,1,Unloading,20.200000000000003,3827.373418,9.392969499999936,60,5.540557713364138,0.3638530934872032
99.59,109.533,2.0,9.942999999999998,2,1,Unloading,20.200000000000003,3793.700787,13.026251500000171,60,4.6120284408602386,0.5090733707855872
110.664,120.599,1.5,9.935000000000002,2,1,Unloading,20.200000000000003,3803.0228295,11.19470350000006,60,4.869085554715565,0.4364230285538991
121.73,131.676,1.0,9.945999999999984,2,1,Unloading,20.200000000000003,3827.373418,11.295361999999841,60,5.540557713364138,0.43754559255811193
132.807,142.746,0.5,9.939000000000021,2,1,Unloading,20.200000000000003,3846.218932,11.355220999999801,60,6.060226384469233,0.4377091099659665
143.676,183.621,0.1,39.94500000000002,2,1,Unloading,20.200000000000003,3799.29127,13.077150999999958,60,4.76618708420876,0.510310547277412
184.55,194.494,0.5,9.943999999999988,2,2,Loading,20.200000000000003,3797.426471,13.03993400000013,60,4.714764893325132,0.5091081103489835
195.625,205.558,1.0,9.932999999999993,2,2,Loading,20.200000000000003,3801.156069,7.470968999999968,60,4.817609275092387,0.2913971023114008
206.689,216.622,1.5,9.933000000000021,2,2,Loading,20.200000000000003,3791.8399005,16.709010500000204,60,4.5607141379161815,0.6533181678908361
217.753,227.688,2.0,9.935000000000002,2,2,Loading,20.200000000000003,3797.426471,22.366062000000056,60,4.714764893325132,0.8732209504103412
228.819,238.769,2.5,9.950000000000017,2,2,Loading,20.200000000000003,3771.428571,14.832572000000255,60,3.9978678034116806,0.5830886316208156
239.899,249.827,3.0,9.927999999999997,2,2,Loading,20.200000000000003,3801.156069,11.17705500000011,60,4.817609275092387,0.4359489966261672
250.957,260.896,2.5,9.939000000000021,2,2,Unloading,20.200000000000003,3745.620438,12.850313500000084,60,3.286203575000959,0.508644031355003
262.027,271.966,2.0,9.939000000000021,2,2,Unloading,20.200000000000003,3767.730126,11.106960999999956,60,3.8958824716077687,0.43705838337424313
273.097,283.036,1.5,9.939000000000021,2,2,Unloading,20.200000000000003,3716.35514,10.911904999999933,60,2.4792073571660733,0.43531873955942485
284.167,294.112,1.0,9.94500000000005,2,2,Unloading,20.200000000000003,3738.28125,10.980157999999847,60,3.083824055134831,0.435472377868834
295.242,305.179,0.5,9.936999999999955,2,2,Unloading,20.200000000000003,3782.54717,18.511623999999756,60,4.304465308095307,0.725578096158934
306.109,346.05,0.1,39.94100000000003,2,2,Unloading,20.200000000000003,3804.88959,11.188803000000007,60,4.920561834338742,0.43597899322487327
346.98,356.918,0.5,9.937999999999988,2,3,Loading,20.200000000000003,3738.28125,10.980157999999847,60,3.083824055134831,0.435472377868834
358.049,367.979,1.0,9.930000000000007,2,3,Loading,20.200000000000003,3674.710142,9.010788000000048,60,1.3308385321590024,0.36354960724954155
369.11,379.052,1.5,9.942000000000007,2,3,Loading,20.200000000000003,3694.565217,14.451580999999805,60,1.8783460419006783,0.5799305935110175
380.183,390.12,2.0,9.937000000000012,2,3,Loading,20.200000000000003,3700.00047,9.065023999999994,60,2.0282241881603142,0.3632379155454537
391.251,401.191,2.5,9.939999999999998,2,3,Loading,20.200000000000003,3698.187468,14.466538000000128,60,1.9782303095083016,0.57996219565363
402.321,412.261,3.0,9.939999999999998,2,3,Loading,20.200000000000003,3727.301092,10.96305499999994,60,2.781044087637852,0.43607492235832257
413.371,423.335,2.5,9.963999999999999,2,3,Unloading,20.200000000000003,3644.244604,10.68893399999979,60,0.4907454656094974,0.4348614121841666
424.466,434.401,2.0,9.935000000000002,2,3,Unloading,20.200000000000003,3658.547889,10.732978999999887,60,0.8851612989153635,0.4349461903517489
435.532,445.472,1.5,9.939999999999998,2,3,Unloading,20.200000000000003,3653.177718,12.499751999999717,60,0.737077801316035,0.5072880036437247
446.603,456.539,1.0,9.935999999999979,2,3,Unloading,20.200000000000003,3662.132921,10.777296000000206,60,0.9840192454436039,0.4363145575075729
457.669,467.599,0.5,9.930000000000007,2,3,Unloading,20.200000000000003,3754.8164555000003,9.19601750000038,60,3.5397855252563013,0.3631073770737756
468.529,508.477,0.1,39.94799999999998,2,3,Unloading,20.200000000000003,3793.700787,7.455281999999897,60,4.6120284408602386,0.2913566913625929
509.407,519.346,0.5,9.939000000000021,2,4,Loading,20.200000000000003,3705.443235,7.27082799999971,60,2.1783094792639384,0.2909160634544053
520.477,530.42,1.0,9.942999999999984,2,4,Loading,20.200000000000003,3716.35514,14.57193200000006,60,2.4792073571660733,0.5813315888642464
531.551,541.491,1.5,9.93999999999994,2,4,Loading,20.200000000000003,3738.28125,12.823562999999922,60,3.083824055134831,0.5085817045948557
542.622,552.559,2.0,9.937000000000012,2,4,Loading,20.200000000000003,3709.076763,18.224329000000125,60,2.278504712314258,0.7284667291044735
553.69,563.633,2.5,9.942999999999984,2,4,Loading,20.200000000000003,3687.331954,10.82188700000006,60,1.6788874242708578,0.4351257187136368
564.763,574.703,3.0,9.93999999999994,2,4,Loading,20.200000000000003,3762.190187,11.066397999999936,60,3.743117588775008,0.43610346259190597
575.813,585.772,2.5,9.95900000000006,2,4,Unloading,20.200000000000003,3671.112148,8.979227000000265,60,1.2316231559891637,0.3626313066315072
586.903,596.842,2.0,9.938999999999965,2,4,Unloading,20.200000000000003,3644.244604,10.68893399999979,60,0.4907454656094974,0.4348614121841666
597.973,607.911,1.5,9.937999999999988,2,4,Unloading,20.200000000000003,3622.89959,10.656080000000202,60,-0.09784739845881983,0.4360789973756987
609.042,618.977,1.0,9.934999999999945,2,4,Unloading,20.200000000000003,3665.721649,25.043682999999874,60,1.0829791098823092,1.0128909931262435
620.107,630.046,0.5,9.939000000000078,2,4,Unloading,20.200000000000003,3730.957336,10.957335999999941,60,2.8818657187547245,0.4354203195209068
630.976,670.919,0.1,39.942999999999984,2,4,Unloading,20.200000000000003,3707.259999,9.08383600000002,60,2.228407095789092,0.36327895149605954
671.849,681.783,0.5,9.933999999999969,2,5,Loading,20.200000000000003,3669.314079,7.195987999999943,60,1.1820410576826261,0.2907565713673516
682.914,692.869,1.0,9.955000000000041,2,5,Loading,20.200000000000003,3680.113636,18.07383200000004,60,1.4798409178888055,0.728136845043881
694.0,703.939,1.5,9.938999999999965,2,5,Loading,20.200000000000003,3680.113636,19.886833999999908,60,1.4798409178888055,0.801176893017003
705.07,715.013,2.0,9.942999999999984,2,5,Loading,20.200000000000003,3730.957336,18.290856000000076,60,2.8818657187547245,0.7268381989774677
716.144,726.081,2.5,9.937000000000012,2,5,Loading,20.200000000000003,3716.35514,27.215805499999988,60,2.4792073571660733,1.085745353020809
727.211,737.147,3.0,9.936000000000035,2,5,Loading,20.200000000000003,3687.331954,18.017875000000004,60,1.6788874242708578,0.7244615295897496
738.257,748.221,2.5,9.964000000000055,2,5,Unloading,20.200000000000003,3589.3708275,8.77001250000012,60,-1.022409469420284,0.36224790241459603
749.352,759.283,2.0,9.93100000000004,2,5,Unloading,20.200000000000003,3556.164384,12.168686500000149,60,-1.938083531999377,0.5073245400598506
760.414,770.346,1.5,9.932000000000016,2,5,Unloading,20.200000000000003,3591.126976,14.02773900000011,60,-0.973983336959357,0.5791364655271983
771.477,781.417,1.0,9.940000000000055,2,5,Unloading,20.200000000000003,3601.685393,14.12832199999957,60,-0.682832958605999,0.5815791195396993
782.547,792.482,0.5,9.934999999999945,2,5,Unloading,20.200000000000003,3705.443235,12.70421250000004,60,2.1783094792639384,0.5083134258970791
793.412,822.404,0.1,28.991999999999962,2,5,Unloading,20.200000000000003,3749.295775,14.739771000000019,61,3.387551699262968,0.5828610436742625
22.104,32.04,0.5,9.936,3,1,Loading,17.900000000000002,4334.745763,17.214759999999842,60,0.29890948368552717,0.5887912364746399
33.172,43.111,1.0,9.939,3,1,Loading,17.900000000000002,4413.184932,22.075514000000112,60,2.1138632414490903,0.7416221518178645
44.242,54.182,1.5,9.940000000000005,3,1,Loading,17.900000000000002,4369.409762,13.05805650000002,60,1.1009775836696412,0.4430775693154143
55.313,65.253,2.0,9.939999999999998,3,1,Loading,17.900000000000002,4356.373938,15.174072499999966,60,0.7993499905172292,0.5164175575531126
66.384,76.325,2.5,9.941000000000003,3,1,Loading,17.900000000000002,4395.615034,15.329969999999776,60,1.7073246102376614,0.5170656062052149
77.457,87.393,3.0,9.936000000000007,3,1,Loading,17.900000000000002,4439.690722,15.506023999999798,60,2.7271637617923394,0.5178115463872552
88.523,98.466,2.5,9.942999999999998,3,1,Unloading,17.900000000000002,4326.128668,12.889231000000109,60,0.09952403441776582,0.441724584429308
99.597,109.532,2.0,9.935000000000002,3,1,Unloading,17.900000000000002,4439.690722,13.321325999999317,60,2.7271637617923394,0.44485526502399875
110.663,120.607,1.5,9.944000000000003,3,1,Unloading,17.900000000000002,4466.37931,8.937145999999302,60,3.34469392813058,0.29666563764372633
121.737,131.676,1.0,9.938999999999993,3,1,Unloading,17.900000000000002,4493.252595,8.978401000000304,60,3.9664976802101113,0.2962525929971771
132.808,142.741,0.5,9.933000000000021,3,1,Unloading,17.900000000000002,4504.5054155,11.284058500000356,60,4.226869495876766,0.37140026682027033
143.673,183.619,0.1,39.946,3,1,Unloading,17.900000000000002,4373.764906,13.05061999999998,60,1.2017484749115106,0.44238429883272673
184.55,194.493,0.5,9.942999999999984,3,2,Loading,17.900000000000002,4556.686047,13.679662999999891,60,5.434243750739169,0.4450925114130391
195.625,205.566,1.0,9.941000000000003,3,2,Loading,17.900000000000002,4588.791594,18.378082000000177,60,6.177113466412785,0.5937803845532468
206.697,216.638,1.5,9.941000000000003,3,2,Loading,17.900000000000002,4538.457077,13.663782999999967,60,5.0124552740960855,0.44636149096711947
217.769,227.699,2.0,9.930000000000007,3,2,Loading,17.900000000000002,4448.566514,8.89617300000009,60,2.932535035467197,0.2964880045806174
228.83,238.778,2.5,9.947999999999979,3,2,Loading,17.900000000000002,4426.415094,13.275628000000324,60,2.419987497274905,0.44465884140599493
239.91,249.843,3.0,9.932999999999993,3,2,Loading,17.900000000000002,4529.374276,18.102599999999256,60,4.802294151583818,0.5925523731216356
250.973,260.918,2.5,9.944999999999993,3,2,Unloading,17.900000000000002,4406.587453,19.72738500000014,60,1.9612083949550358,0.6637295029987053
262.049,271.986,2.0,9.937000000000012,3,2,Unloading,17.900000000000002,4343.382353,12.947570000000269,60,0.4987460152882943,0.4419612578833074
273.117,283.049,1.5,9.93199999999996,3,2,Unloading,17.900000000000002,4400.0,32.765339999999924,60,1.8087855336618344,1.104043024636361
284.179,294.107,1.0,9.928000000000054,3,2,Unloading,17.900000000000002,4400.0,8.784939999999551,60,1.8087855336618344,0.2960125464545303
295.239,305.174,0.5,9.935000000000002,3,2,Unloading,17.900000000000002,4422.0,13.260446000000229,60,2.3178294613301436,0.4445937865128977
306.106,346.054,0.1,39.94799999999998,3,2,Unloading,17.900000000000002,4408.78494,10.987457499999891,60,2.0120546410222984,0.36948966010348966
346.985,356.943,0.5,9.95799999999997,3,3,Loading,17.900000000000002,4518.0509870000005,47.49352500000032,60,4.54029181037096,1.5585016717962166
358.074,368.012,1.0,9.937999999999988,3,3,Loading,17.900000000000002,4430.83524,13.268062499999814,60,2.522262428216158,0.44396210639734196
369.143,379.081,1.5,9.938000000000045,3,3,Loading,17.900000000000002,4450.789280999999,11.129157000000305,60,2.983966219284067,0.37072274435992225
380.212,390.153,2.0,9.941000000000031,3,3,Loading,17.900000000000002,4419.7949745000005,22.03784399999995,60,2.2668087867333933,0.7392493928543862
391.284,401.223,2.5,9.939000000000021,3,3,Loading,17.900000000000002,4386.860068,15.295118999999886,60,1.504749052090265,0.5169196892058202
402.354,412.291,3.0,9.937000000000012,3,3,Loading,17.900000000000002,4459.6905625,15.62589349999962,60,3.189927278195046,0.5194743755968705
413.421,423.365,2.5,9.944000000000017,3,3,Unloading,17.900000000000002,4334.745763,15.08848850000004,60,0.29890948368552717,0.516067014611211
424.496,434.432,2.0,9.936000000000035,3,3,Unloading,17.900000000000002,4332.590273,10.792080000000169,60,0.2490349793378083,0.3693018910122141
435.563,445.503,1.5,9.939999999999998,3,3,Unloading,17.900000000000002,4308.952703,8.559001999999964,60,-0.2978996330864884,0.2944932850241115
446.633,456.573,1.0,9.939999999999998,3,3,Unloading,17.900000000000002,4291.853933,8.53976799999964,60,-0.6935371348636181,0.2950021187685062
457.705,467.646,0.5,9.941000000000031,3,3,Unloading,17.900000000000002,4391.23506,13.110059999999976,60,1.6059791935083305,0.4426311661849403
468.578,508.535,0.1,39.95700000000005,3,3,Unloading,17.900000000000002,4352.038505,13.021052999999483,60,0.6990351794962094,0.4435855325181511
509.466,519.412,0.5,9.946000000000026,3,4,Loading,17.900000000000002,4441.908398,11.103650000000016,60,2.778477148216675,0.37061258393829727
520.543,530.482,1.0,9.938999999999965,3,4,Loading,17.900000000000002,4380.3075255,26.175730499999645,60,1.3531339625260228,0.8859683438520592
531.613,541.548,1.5,9.934999999999945,3,4,Loading,17.900000000000002,4430.83524,13.24529100000018,60,2.522262428216158,0.44320015015047737
542.679,552.623,2.0,9.944000000000074,3,4,Loading,17.900000000000002,4345.5451665,15.110383500000353,60,0.5487899734180255,0.5155315091373017
553.754,563.692,2.5,9.937999999999988,3,4,Loading,17.900000000000002,4395.615034,13.169905999999173,60,1.7073246102376614,0.4442086598705261
564.823,574.759,3.0,9.936000000000035,3,4,Loading,17.900000000000002,4386.860068,13.117546999999831,60,1.504749052090265,0.4433256333855723
575.889,585.829,2.5,9.93999999999994,3,4,Unloading,17.900000000000002,4245.226131,8.435131999999612,60,-1.7724280198009013,0.29458799878473246
586.96,596.899,2.0,9.938999999999965,3,4,Unloading,17.900000000000002,4270.588235,12.702328999999736,60,-1.185590518251263,0.44098077218160103
598.03,607.972,1.5,9.942000000000007,3,4,Unloading,17.900000000000002,4296.121417,21.289577999999892,60,-0.5947945522899067,0.7347075484854676
609.102,619.036,1.0,9.933999999999969,3,4,Unloading,17.900000000000002,4257.885906,12.659775000000081,60,-1.4795015839192145,0.44081459271962276
620.168,630.11,0.5,9.942000000000007,3,4,Unloading,17.900000000000002,4283.333333,21.337460000000647,60,-0.8906898480495714,0.7385584015205329
631.042,670.979,0.1,39.93700000000001,3,4,Unloading,17.900000000000002,4228.412256,12.582339999999931,60,-2.161473518406554,0.4411721505520085
671.91,681.839,0.5,9.929000000000087,3,5,Loading,17.900000000000002,4404.389966,13.19998300000043,60,1.9103621488877525,0.44433610436121485
682.97,692.909,1.0,9.938999999999965,3,5,Loading,17.900000000000002,4326.128668,12.932949000000008,60,0.09952403441776582,0.44322283637172694
694.04,703.983,1.5,9.942999999999984,3,5,Loading,17.900000000000002,4339.061617,17.234206000000086,60,0.39877126874930835,0.5888700385238186
705.114,715.054,2.0,9.93999999999994,3,5,Loading,17.900000000000002,4313.239437,12.889231000000109,61,-0.1987116370760607,0.4430445877099625
716.185,726.126,2.5,9.941000000000031,3,5,Loading,17.900000000000002,4304.670793,17.07955200000015,60,-0.39697600964658186,0.5882480917327658
727.257,737.194,3.0,9.937000000000012,3,5,Loading,17.900000000000002,4319.679207,17.176030999999966,60,-0.04970591825421873,0.5895156177184142
738.324,748.261,2.5,9.937000000000012,3,5,Unloading,17.900000000000002,4264.2323305,23.21670549999999,60,-1.3326557269132981,0.8072047887283843
749.392,759.331,2.0,9.938999999999965,3,5,Unloading,17.900000000000002,4236.809816,12.589326000000256,60,-1.967167749077897,0.44054218948213414
760.462,770.402,1.5,9.940000000000055,3,5,Unloading,17.900000000000002,4276.9560205,19.070114499999363,60,-1.0382504027299395,0.6610624851455391
771.532,781.476,1.0,9.94399999999996,3,5,Unloading,17.900000000000002,4238.9127205,12.61042550000002,60,-1.9185099869782787,0.44106161365112323
782.608,792.538,0.5,9.930000000000064,3,5,Unloading,17.900000000000002,4279.080202,21.313498999999865,60,-0.9891003257371888,0.738462289223524
793.47,821.999,0.1,28.528999999999996,3,5,Unloading,17.900000000000002,4245.226131,8.435131999999612,60,-1.7724280198009013,0.29458799878473246
22.103,32.039,0.5,9.936,4,1,Loading,43.6,6676.7455455,47.87768950000009,60,7.34485768000911,1.0631446408878293
33.17,43.113,1.0,9.942999999999998,4,1,Loading,43.6,6411.4637045,52.064133500000025,60,3.0798094955042314,1.203941687651178
44.244,54.199,1.5,9.954999999999998,4,1,Loading,43.6,6352.5,54.84375,60,2.131825118279531,1.2799896694214876
55.33,65.268,2.0,9.938000000000002,4,1,Loading,43.6,6077.8671115,61.423398500000076,60,-2.2835638057676926,1.4983271095840924
66.4,76.343,2.5,9.942999999999998,4,1,Loading,43.6,6016.443713,38.511611999999786,60,-3.271093722142726,0.9490210276184742
77.474,87.412,3.0,9.938000000000002,4,1,Loading,43.6,6090.896456,84.84476600000016,60,-2.0740855320361087,2.0652271957059227
88.542,98.483,2.5,9.941000000000003,4,1,Unloading,43.6,5981.25,12.766505999999936,60,-3.836917908113428,0.31644926722006106
99.614,109.546,2.0,9.932000000000002,4,1,Unloading,43.6,5880.366848,18.748196000000462,60,-5.458858945098055,0.47269287968070467
110.677,120.622,1.5,9.944999999999993,4,1,Unloading,43.6,5981.25,44.561192499999834,60,-3.836917908113428,1.104558812965513
121.753,131.686,1.0,9.933000000000007,4,1,Unloading,43.6,5978.064945,56.97891750000008,60,-3.8881253823758595,1.4131151779499465
132.817,142.755,0.5,9.937999999999988,4,1,Unloading,43.6,6103.966597,32.835079000000405,60,-1.8639513557459588,0.7975352969547156
143.687,183.637,0.1,39.94999999999999,4,1,Unloading,43.6,6263.694268,27.15030299999944,60,0.7040578628486331,0.6426405489400104
184.567,194.512,0.5,9.944999999999993,4,2,Loading,43.6,5763.380282,33.41103500000008,60,-7.339701369324741,0.859481728903207
195.643,205.575,1.0,9.931999999999988,4,2,Loading,43.6,5769.463087,18.223971000000347,60,-7.241905544611858,0.46830803832475426
206.706,216.644,1.5,9.938000000000017,4,2,Loading,43.6,5721.028037,18.03003600000011,60,-8.020616297259656,0.46724699128755837
217.775,227.716,2.0,9.941000000000003,4,2,Loading,43.6,5715.010007,42.09902999999986,60,-8.117370706943491,1.0921419525346385
228.848,238.799,2.5,9.950999999999993,4,2,Loading,43.6,5930.532787,56.39836699999978,60,-4.6523199590544,1.4099276054503949
239.93,249.872,3.0,9.942000000000007,4,2,Loading,43.6,5902.248257499999,34.46582850000004,60,-5.107062284193618,0.8657554732498485
251.002,260.946,2.5,9.944000000000017,4,2,Unloading,43.6,5824.577988,18.520794000000024,60,-6.355800006580645,0.4714320804180472
262.077,272.015,2.0,9.937999999999988,4,2,Unloading,43.6,5880.366848,40.51156849999961,60,-5.458858945098055,1.021406538242211
273.146,283.08,1.5,9.933999999999969,4,2,Unloading,43.6,5955.821918,19.057972000000518,60,-4.24573592053646,0.4744156167901185
284.211,294.154,1.0,9.942999999999984,4,2,Unloading,43.6,5830.743243,37.16720499999974,61,-6.256678598399678,0.9450613041339782
295.285,305.219,0.5,9.933999999999969,4,2,Unloading,43.6,5987.628866,54.22220349999998,60,-3.734362185678963,1.342598893621874
306.151,346.095,0.1,39.94400000000002,4,2,Unloading,43.6,5824.577988,33.75960299999997,60,-6.355800006580645,0.8593238430478365
347.025,356.959,0.5,9.934000000000026,4,3,Loading,43.6,5763.380282,12.14116600000034,60,-7.339701369324741,0.31232526452955134
358.09,368.056,1.0,9.966000000000008,4,3,Loading,43.6,5497.851562,11.455555499999718,60,-11.608718731767976,0.30892079192696803
369.187,379.126,1.5,9.938999999999965,4,3,Loading,43.6,5608.042189,56.137902000000395,60,-9.837137488723888,1.4841196036016586
380.257,390.197,2.0,9.939999999999998,4,3,Loading,43.6,5697.003995,24.02404200000001,60,-8.406860965685976,0.6252065945619898
391.329,401.268,2.5,9.938999999999965,4,3,Loading,43.6,5748.2099195,33.44330650000029,60,-7.583601693579903,0.862582384973396
402.399,412.335,3.0,9.935999999999979,4,3,Loading,43.6,5679.069767,35.9402399999999,60,-8.69519712274656,0.9382698577437613
413.464,423.397,2.5,9.932999999999993,4,3,Unloading,43.6,5676.0886685000005,26.909332499999437,60,-8.743125502229017,0.7028744386236354
424.528,434.466,2.0,9.937999999999988,4,3,Unloading,43.6,5440.944373,16.961792999999943,60,-12.523639640846422,0.46219098336295217
435.597,445.534,1.5,9.937000000000012,4,3,Unloading,43.6,5694.0109795,35.773335999999745,60,-8.454980939809914,0.9314619895281081
446.665,456.602,1.0,9.936999999999955,4,3,Unloading,43.6,5543.913613,46.06205099999988,60,-10.868159686144793,1.2318301037819548
457.733,467.669,0.5,9.935999999999979,4,3,Unloading,43.6,5793.876178,43.040657999999894,60,-6.849405971119739,1.1013711303168936
468.6,508.53,0.1,39.92999999999995,4,3,Unloading,43.6,5733.088235,18.07822800000031,60,-7.826719401072667,0.4675103492943268
509.46,519.389,0.5,9.92900000000003,4,4,Loading,43.6,5570.0370565,52.091583000000355,60,-10.448162053239745,1.3865433958949196
520.52,530.46,1.0,9.940000000000055,4,4,Loading,43.6,5702.998001,24.05610700000034,60,-8.310492799995318,0.6253830745153105
531.591,541.533,1.5,9.942000000000007,4,4,Loading,43.6,5691.017964,20.88753649999944,60,-8.503100913933853,0.5441532922720391
542.664,552.603,2.0,9.938999999999965,4,4,Loading,43.6,5655.26839,35.60799199999974,60,-9.077861911937935,0.9335084614648963
553.735,563.67,2.5,9.934999999999945,4,4,Loading,43.6,5705.9990005,65.98154350000004,60,-8.262244463731792,1.7144103317320596
564.801,574.748,3.0,9.947000000000003,4,4,Loading,43.6,5724.0410725,30.110576000000037,60,-7.972174453141406,0.7799025096460828
575.878,585.812,2.5,9.933999999999969,4,4,Unloading,43.6,5426.833328500001,22.5282729999999,60,-12.750508862272666,0.6154679078568986
586.943,596.887,2.0,9.94399999999996,4,4,Unloading,43.6,5584.615385,55.458034000000225,60,-10.21378010961459,1.472296219883732
598.018,607.95,1.5,9.932000000000016,4,4,Unloading,43.6,5532.352941,34.50137900000027,60,-11.054025491883282,0.9245929363312541
609.081,619.025,1.0,9.94399999999996,4,4,Unloading,43.6,5634.546431000001,59.034917499999665,60,-9.411017597525674,1.5533667129612387
620.156,630.096,0.5,9.940000000000055,4,4,Unloading,43.6,5712.0050035,39.234112499999355,60,-8.165683417205871,1.0183551162307563
631.027,670.964,0.1,39.93700000000001,4,4,Unloading,43.6,5494.9895415,42.931328499999836,60,-11.654732643958594,1.1583277302603352
671.894,681.823,0.5,9.928999999999974,4,5,Loading,43.6,5398.745671000001,36.245671000000584,60,-13.202085993130147,0.9953762429162012
682.954,692.893,1.0,9.939000000000078,4,5,Loading,43.6,5480.701754,25.658111499999904,60,-11.884443437233237,0.6940847690195232
694.024,703.95,1.5,9.926000000000045,4,5,Loading,43.6,5529.468436499999,37.49923149999995,60,-11.100400888836761,1.0054557912820077
705.081,715.02,2.0,9.938999999999965,4,5,Loading,43.6,5590.460526,70.74637100000018,60,-10.119805309393627,1.8762062473527297
716.152,726.093,2.5,9.940999999999917,4,5,Loading,43.6,5667.153285,71.4085355000002,60,-8.886783436111234,1.8681388945755377
727.224,737.162,3.0,9.937999999999988,4,5,Loading,43.6,5515.068493,17.28444800000034,60,-11.331914861486123,0.4646528440639713
738.292,748.246,2.5,9.95399999999995,4,5,Unloading,43.6,5351.408451,19.373050499999863,60,-13.963146469261678,0.5367275724567897
749.377,759.323,2.0,9.946000000000026,4,5,Unloading,43.6,5435.294118,16.907020999999986,60,-12.61448117654634,0.4611774227927803
760.454,770.385,1.5,9.93100000000004,4,5,Unloading,43.6,5492.127521,5.724040999999488,60,-11.70074655614921,0.15452050510753682
771.516,781.463,1.0,9.947000000000003,4,5,Unloading,43.6,5532.352941,34.50137900000027,60,-11.054025491883282,0.9245929363312541
782.594,792.532,0.5,9.937999999999988,4,5,Unloading,43.6,5497.851562,8.582339999999476,60,-11.608718731767976,0.23143908380404582
793.463,819.734,0.1,26.271000000000072,4,5,Unloading,43.6,,,0,,
22.114,32.045,0.5,9.931000000000001,5,1,Loading,20.400000000000002,4611.885246,18.529106500000125,60,2.076874724742902,0.595662117151043
33.176,43.109,1.0,9.933,5,1,Loading,20.400000000000002,4598.012858,6.9199924999998075,60,1.7698310893364966,0.22313075664086612
44.241,54.181,1.5,9.939999999999998,5,1,Loading,20.400000000000002,4667.865566,14.119076999999379,60,3.3159116493166922,0.4484478668938401
55.312,65.282,2.0,9.969999999999999,5,1,Loading,20.400000000000002,4628.132099,13.945743499999935,60,2.4364734332733806,0.44674522833017993
66.413,76.35,2.5,9.936999999999998,5,1,Loading,20.400000000000002,4722.262505500001,11.889061500000935,60,4.51990292025452,0.37326858808402985
77.48,87.426,3.0,9.945999999999998,5,1,Loading,20.400000000000002,4738.964902,11.948546499999793,60,4.889584372457196,0.37381401650439344
88.556,98.494,2.5,9.938000000000002,5,1,Unloading,20.400000000000002,4607.255705,9.253676499999983,60,1.9744070674871286,0.29778031994210696
99.625,109.564,2.0,9.938999999999993,5,1,Unloading,20.400000000000002,4593.399533,11.519870999999966,60,1.6677223479063004,0.3718239752910244
110.695,120.635,1.5,9.940000000000012,5,1,Unloading,20.400000000000002,4602.631579,18.44254699999965,60,1.8720592627964572,0.5940714504926808
121.766,131.706,1.0,9.939999999999984,5,1,Unloading,20.400000000000002,4618.8404105,18.550823000000037,60,2.230816424825804,0.5954622315435822
132.837,142.777,0.5,9.939999999999998,5,1,Unloading,20.400000000000002,4677.272727,14.102425999999468,60,3.524124461147874,0.4470181237648239
143.708,183.649,0.1,39.941,5,1,Unloading,20.400000000000002,4616.520211,9.28624099999979,60,2.1794624337647033,0.29822854178769864
184.578,194.541,0.5,9.962999999999994,5,2,Loading,20.400000000000002,4653.796351,14.06921500000044,60,3.0045115557701063,0.4482151040949289
195.672,205.607,1.0,9.935000000000002,5,2,Loading,20.400000000000002,4565.832363,27.375286000000415,60,1.0575661084278247,0.8889200434186113
206.739,216.679,1.5,9.939999999999998,5,2,Loading,20.400000000000002,4681.984643,14.16920300000038,60,3.628415360333342,0.4486828123028631
217.81,227.744,2.0,9.933999999999997,5,2,Loading,20.400000000000002,4611.885246,18.529106500000125,60,2.076874724742902,0.595662117151043
228.875,238.815,2.5,9.939999999999998,5,2,Loading,20.400000000000002,4710.373444,14.270261000000573,60,4.256757118354322,0.4491594819419343
239.945,249.891,3.0,9.945999999999998,5,2,Loading,20.400000000000002,4734.185493,19.151813000000402,60,4.783799621161742,0.5997753572559602
251.021,260.963,2.5,9.942000000000036,5,2,Unloading,20.400000000000002,4598.012858,9.23205549999966,60,1.7698310893364966,0.29768175746801046
262.094,272.033,2.0,9.939000000000021,5,2,Unloading,20.400000000000002,4591.0955635,16.095563500000026,60,1.616727582538909,0.5197731590432846
273.164,283.097,1.5,9.932999999999993,5,2,Unloading,20.400000000000002,4598.012858,9.221263999999792,60,1.7698310893364966,0.29733379241454244
284.228,294.173,1.0,9.944999999999993,5,2,Unloading,20.400000000000002,4630.457746,13.962116499999865,60,2.48794799623629,0.4470450883777441
295.304,305.239,0.5,9.935000000000002,5,2,Unloading,20.400000000000002,4738.964902,19.129114500000014,60,4.889584372457196,0.5984603335156758
306.17,346.13,0.1,39.95999999999998,5,2,Unloading,20.400000000000002,4602.631579,9.25366699999995,60,1.8720592627964572,0.2980791848905864
347.059,356.985,0.5,9.925999999999988,5,3,Loading,20.400000000000002,4696.153846,18.97070900000017,60,3.942028532047652,0.5989150714761369
358.116,368.058,1.0,9.942000000000007,5,3,Loading,20.400000000000002,4649.117647,18.747919000000365,60,2.9009557523171976,0.5978696780740025
369.19,379.129,1.5,9.939000000000021,5,3,Loading,20.400000000000002,4719.881306,14.253344000000652,60,4.46719878949433,0.44772328887884466
380.26,390.203,2.0,9.942999999999984,5,3,Loading,20.400000000000002,4743.75,16.74791499999992,60,4.995495040879679,0.5234352311778632
391.334,401.267,2.5,9.932999999999993,5,3,Loading,20.400000000000002,4791.916168,19.33552299999974,60,6.061577919063005,0.5982334705943798
402.397,412.342,3.0,9.944999999999993,5,3,Loading,20.400000000000002,4801.618705,29.03805999999986,60,6.276328417185264,0.8966107140321088
413.472,423.411,2.5,9.939000000000021,5,3,Unloading,20.400000000000002,4696.153846,28.28827999999976,60,3.942028532047652,0.8930755955476769
424.542,434.479,2.0,9.937000000000012,5,3,Unloading,20.400000000000002,4642.1105885,11.685762500000237,60,2.7458654596188183,0.373220567502651
435.61,445.546,1.5,9.935999999999979,5,3,Unloading,20.400000000000002,4600.3222184999995,25.322218499999508,60,1.8209451760664668,0.8160889469246918
446.677,456.622,1.0,9.944999999999993,5,3,Unloading,20.400000000000002,4593.399533,9.232046000000082,60,1.6677223479063004,0.29798042389447255
457.753,467.688,0.5,9.935000000000002,5,3,Unloading,20.400000000000002,4710.373444,28.388801000000058,60,4.256757118354322,0.8935435133325299
468.619,508.563,0.1,39.94399999999996,5,3,Unloading,20.400000000000002,4520.3125,13.553401000000122,60,0.05005505707012902,0.4445328132203289
509.492,519.428,0.5,9.935999999999979,5,4,Loading,20.400000000000002,4663.170301,25.79381199999989,60,3.211989294002195,0.820083831444007
520.559,530.491,1.0,9.932000000000016,5,4,Loading,20.400000000000002,4708.000703,16.575511000000006,60,4.20424020327684,0.5219806486634675
531.623,541.563,1.5,9.93999999999994,5,4,Loading,20.400000000000002,4734.185493,28.55753100000038,60,4.783799621161742,0.8943332601395507
542.694,552.638,2.0,9.944000000000074,5,4,Loading,20.400000000000002,4743.75,19.1518944999998,60,4.995495040879679,0.5985686173533533
553.769,563.709,2.5,9.93999999999994,5,4,Loading,20.400000000000002,4734.185493,45.12183300000015,60,4.783799621161742,1.413075801628718
564.839,574.776,3.0,9.936999999999898,5,4,Loading,20.400000000000002,4753.337306,26.381076499999836,60,5.2076950808435125,0.8228446983875742
575.906,585.838,2.5,9.932000000000016,5,4,Unloading,20.400000000000002,4674.9195495,11.749248500000249,60,3.4720405535786565,0.3726146651649533
586.969,596.896,2.0,9.926999999999907,5,4,Unloading,20.400000000000002,4607.255705,13.856171999999788,60,1.9744070674871286,0.4458871380832049
598.027,607.969,1.5,9.942000000000007,5,4,Unloading,20.400000000000002,4625.806452,23.174872999999934,60,2.384998870310451,0.7427692244872138
609.1,619.055,1.0,9.954999999999927,5,4,Unloading,20.400000000000002,4543.006384,13.632108000000699,60,0.552348724523162,0.4448808038655187
620.186,630.125,0.5,9.938999999999965,5,4,Unloading,20.400000000000002,4748.540798,14.355305000000044,60,5.101531869896987,0.4482045347902277
631.056,670.998,0.1,39.94200000000001,5,4,Unloading,20.400000000000002,4515.789474,9.051289999999426,60,-0.05005505707010889,0.29716714278339607
671.927,681.861,0.5,9.933999999999969,5,5,Loading,20.400000000000002,4750.939052,19.174714499999936,60,5.1546134753702395,0.5983750034792049
682.992,692.925,1.0,9.932999999999993,5,5,Loading,20.400000000000002,4755.7384205,19.197576000000026,60,5.260839999015271,0.5984838454299937
694.057,704.0,1.5,9.942999999999984,5,5,Loading,20.400000000000002,4777.405858,12.063057500000014,60,5.740414876818664,0.3743598425817482
705.131,715.064,2.0,9.932999999999993,5,5,Loading,20.400000000000002,4753.337306,19.151813000000402,60,5.2076950808435125,0.5973587844893536
716.195,726.141,2.5,9.945999999999913,5,5,Loading,20.400000000000002,4748.540798,14.381000500000027,60,5.101531869896987,0.4490068054228401
727.271,737.209,3.0,9.937999999999988,5,5,Loading,20.400000000000002,4777.405858,33.938680000000204,60,5.740414876818664,1.053238691951223
738.339,748.279,2.5,9.93999999999994,5,5,Unloading,20.400000000000002,4625.806452,13.921205999999984,60,2.384998870310451,0.4461833894212394
749.41,759.351,2.0,9.941000000000031,5,5,Unloading,20.400000000000002,4649.117647,18.65990099999999,60,2.9009557523171976,0.5950627909029549
760.482,770.415,1.5,9.932999999999993,5,5,Unloading,20.400000000000002,4635.114504,14.003142999999909,60,2.5910180592656626,0.4479082403225106
771.546,781.487,1.0,9.940999999999917,5,5,Unloading,20.400000000000002,4600.3222184999995,20.730381499999567,60,1.8209451760664668,0.6681024100507659
782.618,792.561,0.5,9.942999999999984,5,5,Unloading,20.400000000000002,4660.825433,16.4472939999996,60,3.16008930423344,0.523185397842799
793.492,833.43,0.1,39.93799999999999,5,5,Unloading,20.400000000000002,,,0,,
